,Gene_0,Gene_1,Gene_2,Gene_3,Gene_4,Gene_5,Gene_6,Gene_7,Gene_8,Gene_9,Gene_10,Gene_11,Gene_12,Gene_13,Gene_14,Gene_15,Gene_16,Gene_17,Gene_18,Gene_19,Gene_20,Gene_21,Gene_22,Gene_23,Gene_24,Gene_25,Gene_26,Gene_27,Gene_28,Gene_29,Gene_30,Gene_31,Gene_32,Gene_33,Gene_34,Gene_35,Gene_36,Gene_37,Gene_38,Gene_39,Gene_40,Gene_41,Gene_42,Gene_43,Gene_44,Gene_45,Gene_46,Gene_47,Gene_48,Gene_49
Cattle_1,2.852764387897043,5.034024814337081,5.226584201846695,8.711285346750639,10.696733381311285,10.331168072572266,9.250176923286702,9.511378509813504,9.427929005507952,11.04776218959923,10.048364532490519,9.936002799001516,9.70140648172811,9.099784724079072,10.01084084042424,9.639026135328606,10.444021994828457,9.879061170963062,9.731312088587478,9.826635923021204,9.691339096403215,9.88246687934383,10.154335550276244,10.509933351891913,9.495049458745699,9.812073487396402,9.718932422260373,9.639454036858519,10.064298254389549,9.687512843944168,10.081788024527578,10.957726256447916,9.864224232202945,9.70449421969848,9.62168159023093,9.498621556600119,10.359230496499903,9.63248655483864,9.465321515808661,10.888540257194029,9.588724580550329,10.188291186181822,9.978775726061585,10.147422895962961,10.683026363495213,10.210473374595953,10.158387915775746,9.703393156163326,9.765798927357315,10.258498996020604
Cattle_2,2.8566153344877367,7.662289760193207,10.682758183740802,-0.048428722393460966,15.009200713155039,10.054177225382073,10.132509750068373,10.080874066270308,9.34581168465641,10.461286875665039,10.30113889102366,10.086637667656685,10.621421982032732,9.831035891607504,9.53214620223981,10.430513999993364,9.675689024703955,9.528774260338782,10.140092757330049,10.290998983243965,10.044810815130589,9.378648570039875,9.127267438004921,9.604004724722829,9.323504967145617,10.357667576493649,9.841981148701928,10.23951256937146,9.657066363289998,9.960016004625677,10.129681451127967,10.32092561361309,11.080463810066684,10.20070764207874,9.698071606272315,10.145690189432335,9.048810620677253,9.957529185061539,9.64997701069673,10.334465621326578,9.517527346722124,9.52442614426674,11.216840222733461,9.900728542559289,11.558837655668606,9.995056416973497,9.621499850994448,10.520647694057963,10.544481368006162,9.904243542200904
Cattle_3,14.591872980928029,7.944974684708711,6.410744184532753,12.471477747814808,2.7106800325520886,9.246904672190688,9.574671759121568,10.158453178647783,10.321314253805431,11.218664543300118,9.878888115881338,10.518876195858544,9.318975654378896,9.886719793557,10.307558483677612,10.123699112736876,11.203903404684498,10.136893105377899,10.150951984269051,9.984355977305253,10.176012926483569,10.27267343975488,9.794488814135667,9.882886925966329,9.599413999584556,9.821321272360255,10.01914080430298,9.691446738103881,10.309940271612499,10.178519830096722,9.679387105463704,9.20616986837167,9.464509933423123,9.950269757877738,9.856146634200476,10.575300214816362,9.821339557877504,9.520582934701219,10.00701807958287,9.663836412675032,10.405850584882899,9.809831887521375,10.674767497952638,9.731891061240137,10.247125194711185,10.193479135483656,9.72100419891556,9.953629427226751,9.132131897718736,10.41588764377151
Cattle_4,10.378887633150628,-1.3978368936829466,9.071241058151413,8.363756024509236,14.714977517436392,10.007634206771788,9.87489893474022,10.412416102734555,9.933070255317364,10.542511105211704,9.994178181926586,10.49942716332017,10.120419882745571,10.062542417668556,10.34148124488353,9.674144661130343,10.118247046433325,9.81327080334919,10.498825077293326,10.678892437554296,9.169396719088565,10.321313322048601,9.571881458236916,10.504286701979897,9.485377765115622,10.191421425932942,10.138955807141173,9.716342059191014,9.947031575264287,9.084004007210085,9.61218860615315,9.570451332242516,9.751866681886375,9.799674984398619,10.456867350763225,9.8186437278682,9.868266798250486,10.257839091907112,10.853723917101515,10.707831476103639,10.190694288950134,10.078600674699576,10.149738072441346,10.190255805010537,10.574380559231665,9.898574585549344,10.150549549693507,10.116734320457537,10.364032882681933,9.88892768539718
Cattle_5,7.149913781429216,14.444305082937118,14.780358806512965,5.065832549909221,5.566229569888892,9.344872553009536,9.666087368522476,10.154661025175843,9.64967050313986,9.74425076446452,9.529201974700369,9.389048999476728,10.353035005480846,10.516410238576164,11.25226098090222,10.29248676094079,10.82177759237617,9.0730961743203,9.416455413262096,10.123375069831225,10.31972697573639,10.130566892867963,10.365500956440021,9.83990055849965,10.765565836635165,9.79683725981677,10.28517655792428,10.858277663379154,10.885272723248091,10.738007268187417,9.43065227082887,10.083190830929615,9.392287821455941,10.006640101498581,10.932660254446052,9.639759877413704,10.063870330758531,10.427111678585636,10.810544351382276,9.786820310978971,10.822553114397225,9.665202951393585,9.937976314714868,11.50119072530591,9.044317876439425,9.259462573840205,9.221102670362635,8.650909984466649,9.825612608712605,9.570063978830088
Cattle_6,7.197979692752174,11.365944552011293,15.3211967323585,7.836881571626753,16.316381165291226,9.723746440549693,10.178906434330784,10.097313437385372,9.97173662608112,9.440180852842532,9.797191240382594,9.934734817277958,10.019961912329293,10.460680264791938,10.220046602536208,10.36719411425617,9.740887749480457,10.245101793778767,9.772491278710241,9.412250215004581,9.414085190025856,9.849579935878117,10.364448734893843,9.632808109628096,10.88074028611016,10.710523709141901,9.83871292250135,10.121034726494294,9.623234113386113,9.553533241909578,10.013363402902264,11.543216030401554,10.76280868731041,10.12153280452772,9.54228601553201,9.94092299943709,10.239773602340538,9.90848549552922,10.41879247602999,10.258239831235251,9.406450465091133,9.702172259141657,10.475680523897097,10.04687887760859,10.211351200674926,9.952324486361489,9.436130652913633,9.816692317587249,9.79872642685353,9.924883676835677
Cattle_7,17.491365528161595,-1.4996192114387985,12.544737427814384,10.074520534142394,10.818362174554444,10.744453069576288,9.685396779154798,10.183996733614126,9.78616943523409,9.902471504756209,9.889834219418061,9.593981085014645,9.810140468189832,9.674727098052344,10.444534243033827,10.032352402218017,10.872319192670329,10.096165692068588,9.289149342254007,11.134869416676722,10.005369744570457,10.5416666930494,9.46008850642175,9.90856291638847,9.29207882572836,9.909103432220762,10.24547247613579,9.774712080904465,9.12845529906106,9.485297833843074,9.738563088083733,10.441227190078212,10.113622293524491,9.921808037915119,9.534190870298556,10.272839270274734,10.066516554965236,10.087774682280052,10.011750562966249,9.310463882350682,8.888695721784439,9.653718688034516,9.367197816072109,10.641369819873924,10.699054172409964,10.021898588200953,10.254415508432947,10.618908069462474,9.900980428257538,10.168980161835396
Cattle_8,13.55803087081947,10.890730662333265,10.570467579768769,3.263142769022891,9.534146293399983,9.77455629668124,10.650955555168638,9.700616102577294,9.483173830651028,9.70784822626594,9.474752613349377,10.038279356869804,9.844003323318168,10.808752416940315,9.721430228537862,9.78674290193897,10.22510559527276,10.034947333619554,10.15023741633107,9.761453072160002,9.936464630161204,9.276973532428416,9.67634814841956,10.240662185406196,9.754666222978612,9.858313092817102,9.708634154900254,9.691083275855497,10.09148951167336,10.19932933579873,9.108221843939543,10.71878808970541,10.452143544097856,9.101044881065654,9.713985361774556,10.260627869962141,10.070652368618353,10.596008316895523,10.475796957902421,10.106753255766499,10.636485619014929,10.116874563599879,9.828496974578973,10.359973069279755,10.609082344394984,10.51562022046332,10.807575380462401,10.573868642906241,10.625665647461599,9.836516757579783
Cattle_9,7.4129341248202385,6.813958702968511,5.42326765592226,6.727035671986752,14.780555634343024,9.102237324681445,10.150342640642576,10.326383035269465,10.15352523773949,9.99962561952461,9.657286924250087,9.719380160575634,10.698328340411939,10.017635326621516,11.51869603891591,11.187746019543209,9.82249370471007,9.788329809285601,10.042495775361715,9.888404899425241,10.257710860628364,10.354847171882119,10.835354688693986,11.426495999024919,9.489910586951577,10.590782831740214,9.985501134880064,10.703537150205188,10.240675614947724,10.623367934233041,10.464653096324346,8.905244384222101,10.528773071705125,9.700826676690731,9.751022534622766,10.300487080706256,10.067163015502295,9.541894987377793,9.064632718515709,10.109421100277567,10.427067246499524,9.690282211212711,9.92754770248634,11.134230103060311,10.263710964227082,10.307132647568178,10.352329687190588,10.12397185239539,9.474092166919853,10.169534606513729
Cattle_10,3.2339133935189035,13.230605818363529,15.564605956091238,15.174772573112085,8.568199415984134,10.05868090822387,9.59055006108091,10.140043459439026,9.751299679827001,10.468721135883701,9.55022030900542,9.590750650331783,9.845818030080292,8.946889568492137,8.768749935689605,10.94566631528092,9.546763903310657,10.99424975764006,10.70663759305494,10.325077743263872,10.247490336981707,10.029268704320062,9.8033529087359,9.179604193210613,10.496707282651894,9.955311102675962,10.557658983293285,10.04334029131143,10.786148524829743,10.230890656197884,9.289152126915383,9.93504106029542,9.725766701770382,10.618513249155018,9.083230872033063,10.247814152130093,9.906749105057532,10.107633767722069,9.688577326012593,10.749694751555376,8.961215732951842,10.730226071656158,10.331570540338365,10.100396646194628,10.376395392740008,10.184907004697187,10.312881041352204,9.567862628554462,8.873647870782271,10.527235936646612
Cattle_11,10.262246364931364,12.318718094113956,7.947786478084602,2.3550676039454888,3.321981806332097,10.317289417424123,10.602216398785323,10.310011288500988,9.92766841067008,9.998254436879076,10.57912846672205,9.531542520105381,9.75976750865079,10.406524832689884,10.062175070223814,9.90797919016022,10.016296788658895,10.764771637487634,10.83825678186446,10.608648539046829,10.412257605834375,10.232916840825567,10.261681714221785,9.183394997360049,10.742852568729846,9.7520076163041,9.881151243990812,9.545672066622348,9.610298477952075,9.85259293032098,9.822828943896878,9.211033505745478,10.10833142266118,10.452756444873636,9.575718105714305,9.986754493525925,10.298199564322498,10.45777818504987,9.646997474175835,11.230730119202189,10.539466325488073,9.45883888626247,9.126083967076827,9.616694892103425,8.749111504385342,9.998245779706252,10.184950330630246,10.298447849089522,9.761098263985081,10.5217117149656
Cattle_12,12.30489613177653,14.491486422488114,15.04341628315239,11.4939575217504,0.895789473772548,10.11373945746666,9.197984927352259,9.896775198937172,9.539149391859878,10.38111253800511,9.202468367289697,10.331868122820637,9.557446874973776,10.539135265943571,8.797976616572408,9.49145618708234,9.947708162053402,9.956426282510009,9.436399984348531,10.4192602186016,9.096160201392415,10.566470314295263,9.351515864516097,8.967545195355797,9.744320445655397,10.055280761802738,10.258736915350928,9.920109367932946,10.262863551082138,10.046882974570394,10.288749539874624,9.894574813917815,10.634872475734147,9.923490137068637,10.176392209509627,9.871726362757082,10.534118690487944,10.305045662836488,10.505357246744422,9.693698769493128,10.486483960753178,9.609856227688653,10.511995726603743,10.406634222469558,10.204131533452404,10.024348813796749,10.354427047174722,9.696356134609644,10.161425568097796,10.275396612022897
Cattle_13,17.277453481516215,6.807070351298363,4.092257177314639,13.052967159651017,8.338711996554284,10.335246861745762,10.081628985966127,10.247216229282085,10.317847400041726,10.273661914293063,10.221014012430594,9.425123696701288,10.52343658541259,10.729979372208456,9.686633949547513,9.802372777510925,10.737883224526552,10.5470837192837,9.089955328931202,10.279180688165503,10.459319193494188,10.215777007460197,10.465657614868398,9.892031462521512,9.151716583643418,9.351878011909289,10.147399500511039,10.476567158913419,9.837734384548535,10.366698539452685,10.315085871941019,9.98468831137376,10.29724105807923,9.462389727035951,9.728048770745707,9.9603460952717,9.572497211054944,9.776950506140112,9.425838469498377,9.672766497539374,11.513269097644113,10.311756229550923,9.972201440334882,10.603015688845622,9.281392248906073,10.174672711273326,10.594385866179817,9.680857163466566,10.278252442143863,10.631927492656501
Cattle_14,12.05477648758073,15.459532116870768,13.405434247570858,7.928377973579649,11.850601012992724,9.440474209579264,11.147023367647355,10.421831887326627,10.61891616926434,11.028687161485381,9.665171002016516,9.528205593401541,10.418123193173896,9.254847554561312,10.28111739542215,9.428216866056655,9.947096785196441,10.683927261476374,9.282534197895675,9.894179090985117,10.308562803368334,9.640662420937288,9.698777363363188,9.548035405445278,10.012404634532423,9.841152811458748,10.309281687401224,9.849590556386795,8.963227838061371,9.809054568970577,9.842843818667271,10.157941588337907,10.60205500196862,8.679746425163513,9.984524532377762,9.228198107943554,9.22436418494732,10.398462488900492,9.931844607556556,10.559043510125747,10.091564732487488,9.554079997469305,9.788045090634888,9.565972813848306,10.702343050626007,10.851285181554063,9.92675107668744,10.446727861355193,9.534293914774986,10.296980463812426
Cattle_15,8.058293673600394,6.731178373758502,5.190889448357178,13.958845634729503,4.269953785808197,9.43699427110194,10.244657951475098,10.233059479531429,9.876846010829324,10.128647381323454,9.889415469513649,9.946813465129058,9.971853020849895,10.282574432277228,10.275755231567326,10.048792476960108,9.886667417888328,9.769248575836933,9.817810183974581,9.427488045669827,11.023560322275413,9.605590925240456,9.53413252367575,10.254024695003215,9.521924687411166,10.341221024717969,10.128716423042023,9.652574347855204,10.193349399385003,10.164532671584512,10.157121579555971,10.695076165724851,9.371929305215287,9.931376679010448,10.442367561355953,10.307892655453557,10.294882730314924,10.279924147402486,9.574000892317482,10.316958144936981,9.845045957838474,10.046724689071024,10.029624930641319,8.883411915991015,10.268806965282732,9.62734635907516,9.742933811151948,10.119799135797752,9.580252601848358,9.71994561829664
Cattle_16,3.591091320189168,8.605688895995279,17.197465679058446,8.71378426902336,9.171923549345697,10.037198097467497,9.237914129426759,9.608164296680943,9.79267433085532,9.651617907446049,9.304267698519306,10.123914461544006,10.476864193447556,9.56668798288622,10.104937510045687,10.230409543142057,10.148422913258466,9.583423494254795,9.213575828355188,9.643306015444042,9.87119909533856,10.386037894839006,10.164920643411405,10.196863825912084,10.304813531260956,10.0064943033108,10.143235069850501,9.744596720540418,9.016408764524776,10.511362542838238,9.628118952640298,10.412796755564678,9.310907718432572,9.517159354707939,10.402938847857174,9.68045690450856,10.168460502709287,10.636811004965491,9.117854057267147,10.017417220188506,10.184728542146265,9.182332120963785,9.44457312536296,9.653245285837146,10.447249980842262,9.831107587236941,9.70536893231243,9.834689498383856,10.031815048978778,9.1923196932314
Cattle_17,12.888468399822866,10.872104439082555,9.029363460103141,9.514681943100502,10.96475933193855,9.789906503549863,10.170492122060457,9.943789580122456,9.810516589598974,9.087421679894913,10.365640349258918,9.448537730591871,10.050337127678096,9.84512272798695,9.706438061295687,9.565130742191892,10.159500326855657,10.753556130144162,10.17341485199934,10.51238679415736,10.357398276547887,9.513619597485874,9.674194736659173,9.765195640298202,9.386212372901717,9.666824139246838,9.491890330763912,10.624395622950113,10.05186460113809,10.432217709560142,10.30980476013583,10.209684576855967,9.689747410075588,9.831266603998175,10.841644604146865,10.14022244272633,10.430579563773376,11.63771839762727,10.639969299810797,10.097796322227111,10.071819382136141,10.246761993625435,10.073764096461757,9.704490510091487,10.11324115046076,9.899318955893715,10.177205097711605,10.442684756954492,9.839738132593855,10.075237637889503
Cattle_18,16.530326534687962,12.919525380818898,15.52994955670743,12.89501283150131,0.4777843508385293,9.714398492918635,10.07136748255544,9.570997194241686,9.670623176319152,10.610663994872237,9.70134333505471,10.285536824265016,10.601689395077475,10.755204458390994,9.693572347763409,9.405727743961458,11.250831823242006,10.259939184009324,10.610604235710783,10.496165295159006,10.713855022100601,8.944869802281744,10.503712583855632,10.16030367909686,10.486489072766181,9.851501488240645,10.159919747643354,10.35802063144497,10.269515157279644,10.230482425333292,9.63015779456725,9.894315736172606,10.38906535064015,10.022327283855113,9.793056493391934,9.185121043580809,10.777479928969528,9.699596151485139,9.915431976825584,10.854505223276304,10.279615847519034,9.993301871180348,10.232657820358146,9.831842260344125,9.795831845910607,9.895286379229146,9.945637909726017,9.664437447602737,10.640740319803912,10.815167400360178
Cattle_19,14.801736722527616,15.374917219334813,7.331069107630825,9.497291591907086,-1.4279342785327875,8.911643838736497,9.579230661511644,9.852238104105284,10.183859663462103,9.919221665506127,9.707710395757005,10.045716085012971,10.1072596626822,10.120317742812716,10.22296381699374,10.585488683425831,10.215964044387412,9.989436381336368,9.504047841717869,9.533026160494048,10.168475393214718,10.19475766843976,10.972488136017631,10.344051833435246,9.295819021540096,10.038537347321071,10.434637218750284,10.366822429275636,9.159063163157576,10.470574961288833,10.067926028260231,10.317039856866565,9.754853086894851,10.237416178222048,11.32157648774699,10.760641797210456,8.995086819354247,8.668758468049647,10.487567217687696,10.340869407807237,9.89141348637468,10.75623872339532,9.647063332199941,10.660247246535754,10.717834112028983,9.702257951869091,9.759961567126028,8.86748010542645,9.68838224013676,8.533813691266515
Cattle_20,2.99998909752233,12.94117111233445,10.259284472937294,1.8686596728079075,11.832245932247126,10.440300672161145,10.046027375700117,9.415947955001151,9.81563139887971,10.137491910776557,8.833472744486702,9.94500945370042,9.90227106003599,9.559891939231129,10.972756248897108,10.285236818426483,10.45728838274757,10.079511334766186,9.806760841391588,10.108474101765003,9.36826904716695,9.996903070771822,10.486659705746924,10.127407779459404,10.507228042228682,8.43352086706318,9.73824238302255,10.082945577744981,9.582470496579017,9.081474091298553,8.888216536494099,9.966679248923013,10.691585311649927,9.944927686039378,9.104890854071432,10.118484107194375,9.35679841016496,9.656105816471463,10.025693538622457,9.764775793113245,10.489795926741461,11.451128441523233,9.393029506491704,9.462438943042653,9.860428015210621,9.95183260531546,9.50728502565019,10.530158971194288,9.584096322263393,9.304225477159017
Cattle_21,11.241957858600477,10.584429512382126,15.690857800775127,10.324361439821041,11.355269017939376,10.710318572661476,9.890293846984413,9.582240947645014,10.107839659759835,10.422981126319655,10.235347538542095,10.195883022519725,10.393097246944361,10.674121958657839,9.957296989003789,10.060854312586814,8.74164977581685,10.595380618485402,9.72768228951781,9.776368037116248,9.463148872473061,10.54257985893134,9.898643449437673,10.222203982523071,9.384936673327449,9.332154606047496,10.425791122378163,9.521490472632653,10.085578161773828,10.536349745137468,9.601877832016381,9.66038057595928,10.50256774009688,10.282751102964323,10.141666178828352,9.868886679005033,10.358041441750602,9.6829573191022,10.808783436071565,9.3056937873248,9.406121773146069,9.346369399720157,9.97879228239039,10.432859722697707,10.405712447245014,9.83666948184152,9.204613999121609,8.850066516774378,9.810596216910751,11.284984786373583
Cattle_22,5.589048588718277,1.903851980769885,22.589385599149963,2.1771617826787804,13.717723809178986,10.095145869703018,9.575491828720768,9.805199678087252,9.363800294481564,10.11186336729523,9.503247808628451,10.431670886785808,9.582596178265318,10.312265051013247,9.23247500214461,10.311073850946253,10.138605344614216,10.830475401121248,10.144240528769508,10.490896468876276,9.603791299941534,9.868347944131648,9.846776374321365,9.147612730358308,10.620867828643703,9.270479266634705,10.426643485400708,10.105592119905756,9.363738307570847,10.602373269680731,9.195248314941683,9.700904561584181,10.433511008152019,9.279661575108172,9.757194382586922,9.794174893582575,9.89294373094217,10.877988433535494,9.768773531640282,9.640339668507345,10.808601614673334,10.297269855777722,10.477659261407043,10.530479874470396,9.963901225852775,10.213475285269437,10.645202691788219,9.199534465697509,9.852438119608056,9.632317549801261
Cattle_23,5.383760505683729,15.634343659642074,9.000878541668696,3.4952392171413504,8.781502481306296,9.8900949592548,9.90941176887452,9.760190171067594,10.439854721524778,8.869891369808222,10.341316595298748,9.848973456933297,10.978211839191609,9.931764020928226,9.543004781120443,10.354344708919934,10.727023235351515,9.704101951004436,9.720092102481418,9.536845617865978,10.023597687796306,10.070759763116847,9.10905926331936,10.23610985660842,10.151871553015823,9.62063941087672,9.874839551568016,9.5437629874497,9.27407882757709,9.74143485342091,10.5252449299747,9.180701283161289,8.920316848446951,10.397849945247131,10.922903535244554,10.247783429167566,10.789355624170483,9.457726890467965,10.060061502548468,9.655172680394596,9.195900506580731,9.349408146977842,10.43896996668494,8.73878381826862,10.246534095421646,10.272287721717312,9.789003678446345,10.650740648245872,9.766303638276343,9.830180463161966
Cattle_24,16.01182443660135,7.6511638740674845,-0.32438131984389607,13.97275559899915,7.960397643548331,10.80191613590237,9.319413183994994,9.753438970310205,10.495739546662822,8.879760460031264,9.995553385015437,10.32253274573808,10.448530802297704,11.079708369851593,9.520418050520473,9.292847071352607,10.588031620805129,10.589787974652886,10.450684040687735,10.061876786717674,10.095947726651413,9.758198440056535,10.04566874236733,10.261141528691235,10.325114324949688,10.458962957856581,10.40957332069331,9.976352048355874,9.8020972740031,9.795922623795624,10.125292081283192,9.118832779970933,9.655489036566161,9.995248782277233,9.838129079066027,9.995891397950908,10.117768861655295,10.088760313723062,10.218483887426006,9.537321628753972,10.160203621500388,10.388786500332213,9.002404162792905,9.780713914170915,9.626605550634093,10.847151099874777,9.7280051558679,10.584990544293031,9.749757604186243,9.787739574635047
Cattle_25,8.075030613558793,7.405335854007623,6.649283292978007,13.742874051605313,14.380256119931126,10.152576025672941,9.290326384865619,10.774775979548103,9.546570007756122,9.826318875976817,9.879739610184341,9.652031448245019,10.719109688806121,10.229696039212529,9.548579450211014,10.492529745207179,8.962073922893056,9.97794273716512,10.701607791616212,10.77876708531383,9.957390377695448,10.223769084163557,9.990234481057762,9.806027958535982,10.062008489781457,10.246012720987048,9.422897950426625,9.617538267485898,10.14584577649302,9.394228796927699,10.400321082683382,9.507249452476836,9.98230007411133,10.001828406821536,10.093787668378715,9.655998604505456,10.706762648458788,9.589531452348677,9.421423283526861,10.236421442228862,9.274944401700115,9.659512391214358,9.648273523416584,9.530475813080344,9.682237218794931,10.000410894281941,9.131330948007083,10.15445363084424,9.525040729236816,9.791234527545372
Cattle_26,13.755382128972183,10.798667226660545,11.477403483457437,6.247191043222609,13.33910756003149,9.58861676636565,10.505967581658842,11.220084749704133,9.781214859980256,10.182458863557754,10.078124999386347,10.632916684089592,9.658755050556138,9.728841036859317,10.267347505698623,10.622910978846804,10.108557380990652,10.043624812075794,9.366987442521118,9.645526628751234,9.78600566588858,9.96430415960574,9.921612682822458,10.248052760889799,9.844593785446667,10.243247143329434,10.446045600804535,10.858571682102282,9.51162618743942,10.238746538117631,10.142297819313063,9.959178809865545,9.13414618861228,9.842257564098071,9.65632526828864,11.293376423636404,9.921747818431552,10.22277920539298,10.252906857736939,10.005637656772565,9.827006497881722,9.883929597083092,10.585845242841183,10.467814083380187,9.047101478031662,9.466328670460227,10.387933022258498,9.623173666620072,10.309424607366934,10.520947013024537
Cattle_27,7.660770287465536,11.415829685243756,12.131034515765304,12.20165547263867,2.7013944551153424,9.465424636491434,9.855727721766186,10.83205549837544,10.11666774757704,10.016445957217547,9.596614750801834,9.515003745361888,10.375546329797727,10.515748126735632,9.790199505052685,10.185796509773944,10.983534662338355,10.176952124416639,10.385296468818341,9.422415946702241,9.571871029120349,10.624549851359424,9.673990106599389,9.367443045838563,9.24194547814319,10.007127380210532,9.968032704395082,9.434085719494028,9.902246903092909,9.520922570025649,9.594307093955816,9.662500460967085,10.391860435085881,10.282397376544436,10.21172760239731,9.887882149517804,9.604038995965817,9.541580087093196,9.786706215044882,10.148554465440794,9.80951405916325,10.123796401611894,9.730243692225077,10.055044352825988,9.474368240225719,10.371314168896308,9.502019963916833,10.41294405988039,9.700377314292485,9.782900154234227
Cattle_28,14.6336682335057,8.511172856244071,9.503833939820177,6.247562792198018,7.8588220778733415,10.304769674797209,9.706567073275592,9.785501146494505,9.966842717951128,9.132211377662427,9.858508274199401,10.149184061397898,9.801810544218522,9.88865283860986,9.45009028079468,9.46212729167707,9.997692945949666,9.835881459056335,10.79087553104211,9.673432500677357,10.053851490499037,9.608824062865056,10.040173376813042,9.642358707181787,10.496823295484806,10.08479764311252,10.518999215141069,10.175152724361586,9.624638636855593,9.471498749072289,10.937021359215592,10.061141015742788,9.566985713129398,10.425395470313367,9.862045545843138,10.160262878077566,10.036441081953978,9.94433313806607,9.811946172637722,10.273639195846954,9.12081718750412,10.643502457590262,10.137294763469491,9.43920281717925,10.446396917597472,9.327641313542408,9.685075562876838,10.184189823436085,9.79005110137432,9.671113227044566
Cattle_29,13.714499687163697,11.512192294770772,4.786797381075059,8.309655662916994,14.087339260069667,9.497629811709599,10.67384936847931,9.724139542084384,8.993928888991292,9.865662500225072,9.516167242930994,10.115595104250927,9.622263329020072,10.480226174543333,9.388292545447582,10.160714761568434,10.737180248277307,10.14511068031212,10.673672439445536,9.38898710672414,10.133901467472327,9.143108171126329,9.653831374049485,10.024535756514446,10.825911623515777,9.796566629690108,11.006228985800801,8.779192508970361,10.077781231903264,10.095560798454569,10.234378601749082,10.09313384278716,10.476317261074751,10.245904872412172,10.068487740743732,10.359316733671886,9.853248878171664,9.672213002227512,9.696759712232131,10.120448229381147,10.169622754277535,9.729176288571772,9.593960200694692,9.575581482577508,9.698202341285034,10.164372404678895,9.783666173729296,10.30757959706294,10.161104327569635,10.523756564714748
Cattle_30,13.904031085537842,6.060898102948892,6.957474062253498,12.21315924434776,8.163983141130768,9.678295425835474,10.183502884628231,9.887937483901013,10.088419055130364,10.242856281492694,9.64335930835618,9.351181764769503,10.535516611148418,10.160140180961706,10.122795501843463,9.562436334110341,10.700043014801423,10.37030262465288,9.685074894322671,9.636141660108333,9.141098714870472,10.529840076027762,10.073388254810185,9.666294000026479,9.629949913517828,9.162944979350746,9.6362428739299,9.74613432883507,9.826630544557236,9.894042594464427,9.608130605486176,9.611493892427017,9.606761234839455,8.861653282940216,9.651513978684045,10.347061902857208,10.146168523401709,11.01479959314565,10.453668581979217,9.873736111831649,10.374087532531743,10.205877318170185,9.949150464673762,10.052633673527335,10.695616941844463,9.553991012566286,10.459438048349007,9.428668750549138,10.509103890971366,10.099582066015596
Cattle_31,11.062666265198208,7.13441475351875,7.713476399947388,14.081314006689377,12.12396234190049,11.346153480163597,9.90130459538132,10.134780713351217,9.819044437531698,9.699203991593713,10.342406865168268,10.29829917292486,9.476078956801857,9.680964596757946,10.704762364916391,9.526856380930536,9.966971021832078,9.930380663033816,9.897346261150593,10.950622198640119,10.254412788587238,10.203384122547668,10.964674632603122,9.746587766139855,10.049215888419848,10.412802196577367,9.830591357106162,9.90795518028525,10.037129898039609,9.888868588059948,9.707397318921473,10.6631610361893,10.472930555542975,9.849806139733863,9.596073169409888,9.060643415887121,9.616410768686436,9.280723368761503,10.522274876283959,10.233309307283182,9.981131126371379,9.790483057991292,10.44645071293953,10.19591393401542,10.544910585776872,10.021128106443863,10.030763293918348,10.885511537348094,10.49865043997772,8.95426681648524
Cattle_32,9.850381226110832,16.558642096802956,19.759243384685238,1.4405824768653208,7.468613558696773,9.581581140320631,9.706742604506745,10.61566560518617,8.623393917984975,9.91317633758662,10.035990159740937,9.590624390351836,9.610602608771792,10.387972167312677,8.602844765787676,9.748035630579954,9.876467752753713,10.17032723818066,9.651583126687347,9.65168521123258,9.915220674392298,10.513981143410946,9.160552797311542,10.279010927058545,9.902072288516147,9.998484832359509,9.5582899297129,10.052938893322267,10.135068122901506,10.829191291965673,9.27683120927008,9.225735122369901,10.065331426746882,10.118254672946504,9.984259864704331,10.402995481787066,9.48443933084547,10.226033664186039,9.29128312293148,10.234826072725218,9.62011139220667,10.164022889567589,9.593751280030997,9.731094404590957,9.108157578037606,9.299105236304491,10.442763618118244,10.523517537563256,10.00800023061965,10.946043102572096
Cattle_33,4.54337932880872,7.974471306867138,13.957759783673612,4.1775944769368,9.746273893762497,9.718204771835257,9.527892727604588,9.959291575442494,10.929226544353881,10.27338441433705,10.116891243148343,10.43268657982651,10.631419983497562,9.4371390957958,9.880241869528872,10.189328004429253,10.44914988249543,9.785072163888485,10.455655263746838,9.893786639782936,9.48235910853943,10.21039876438752,9.338590050357025,10.001329266482008,9.73481522001405,9.998224204593873,10.089656709532981,9.608430827099843,9.60455063967811,9.545969702509472,10.257832226615978,10.536295881798598,9.355886561382578,9.10863296754644,9.406952596972491,10.594108378924526,10.189010741654764,10.346335659049984,10.280822484921707,9.791365399259549,10.717456801496574,10.269279700095435,9.738492505298021,10.700451600819326,10.226433940530553,9.790663283586415,9.197765197612991,10.471853792288165,10.282180455851798,10.216091016952161
Cattle_34,1.4497356628412839,9.771130483983699,8.029950339132107,12.436457486379268,7.762521986663149,9.655151069832412,9.45682911457487,10.303290469594177,10.415828262476987,9.01147984503491,9.585300565036098,9.668235542857103,9.369194164714017,10.026442663093245,10.22990861569606,9.712319854651478,10.285453157104898,9.474876461361587,9.91205268607635,9.764346419913926,9.162272330244237,9.543832418819196,9.938750353394127,10.191521663052365,9.774675017591413,10.792563462519677,9.743925730741585,9.928454229319959,10.24758550374424,10.673419488106282,9.764571557999064,9.566900132238507,9.877858071616261,10.277139442916628,10.002176389281404,10.429585065816838,9.517722493013594,9.962834033576916,9.338926226060378,10.801591838694298,8.878970884399278,9.563640418608196,9.067303632251365,10.605029618726954,10.320890359048574,10.135587263769692,9.715266074906916,9.842608774819002,10.694892335769682,9.289284229184807
Cattle_35,15.44843362810739,7.174146806204142,-6.006944633754867,8.339221596155399,9.446044451378539,9.863090019784067,10.444716887081341,10.08622882986692,9.95309957629279,9.521083699909937,10.237218630653624,9.89727249265552,9.988058800308975,10.312678164562914,9.775857512873664,9.32696191851445,9.477526805303473,10.051133929204035,9.047818758407107,10.203170779208705,10.8352923473666,10.312060419640249,10.4130854536654,10.5969057159768,10.285675021708329,9.25896524834286,10.588355050057242,9.086357005105732,8.82525476299828,9.622368126295212,9.870254507006898,9.686726327253785,10.549903095601293,9.263145082215107,9.732871885132354,10.409295680736221,9.090268359306739,10.741590402115591,10.32823418011849,10.717595493051151,10.42442137128035,9.21923986964292,10.350378154852471,10.108185743174438,9.725426179824941,10.00194308915483,9.530714215859858,9.595584345290009,10.299747937529474,9.871410590430873
Cattle_36,2.994357587415244,12.056093986948653,9.55682249120905,11.874304434972322,9.925207068739956,9.501917829536564,9.714861268395351,9.129645549363527,10.177166198892703,9.821090981648826,9.758326642454879,9.78519935162664,11.259462946169876,9.50026201480634,9.844362267472835,10.573529455138225,9.86796173245224,9.326889030001567,10.343679556736156,8.961666861988506,9.46102812768962,10.170556852696961,10.271465087687059,9.99486263935831,9.826636653688722,9.946025044347524,10.930708270857528,9.906337729849835,9.893395510004558,9.392615065083525,10.028836754222379,9.49020426552184,10.074667845941956,10.640225296473456,8.926242161010848,10.280429407412878,10.006910234488235,8.727106611764647,10.247058388855857,10.016573917270074,10.143349703965825,10.01802279404918,10.917519015253085,10.184800104010138,10.12833170207701,9.476826395124082,9.361855066670431,10.253046097266463,9.65392174507552,10.074806435854258
Cattle_37,22.242299213408657,11.83206943808635,10.732438247249746,4.549604833339853,15.938367019981538,10.012208983983081,10.64047418159859,9.664677385975567,10.743529986824068,9.600180783307733,10.456762551819851,9.71050727672597,10.26130583377092,9.903922192421147,10.368217688605931,9.723968977333996,9.353730146051515,10.663361191948859,9.906110402208173,11.240048351090664,9.465399056605438,9.65918280305352,9.824989800200802,10.954438585805438,10.708185555681556,9.718845609996647,10.432224738141679,9.530397514772561,10.087219891615645,10.895034125369762,9.330064763596143,9.099013274340635,9.427753309081716,10.10102461202058,10.446331853896243,10.492164915523304,10.210821315183013,10.551191786510218,9.87829407489803,10.451590799748004,10.322579512092178,11.4084974932581,9.904573822173655,9.38762323813369,9.73078101638172,10.078639998570782,10.247084459234054,9.42703345641241,9.99529162079155,9.287887204143512
Cattle_38,8.870801938462655,4.592864077699841,1.634466680609964,5.950556014166392,12.297206978334906,9.663248911612783,10.16330647689588,9.708659484454552,10.187477606622751,10.279969566795524,10.282269097219558,9.797966823262092,10.30633607850804,10.416758799416744,9.90764731759856,9.421026407985758,9.772384985721468,9.794089818313523,10.131055950276538,10.391620068533094,10.337148284030652,9.92938958237974,9.815788972611102,10.077364563607878,9.486900112974991,10.334426127969898,9.644861071745032,9.035686958533226,9.701780335993881,10.219669071552776,10.610089989028266,9.33925322052934,9.25761190266659,10.292390717216044,9.383028102552688,10.01371298616852,10.984254162329014,10.177984264828368,10.432041876635768,10.125391446914028,10.294782340583142,9.907511492054732,9.440451154845162,10.353220427946399,10.29063515826072,10.27288816229299,9.254769413544532,10.053737843989637,10.002058581158053,8.929841123036674
Cattle_39,10.17664806114022,9.705250939055771,10.154452178807377,17.263851952003346,9.76409240389748,10.935026660681908,9.958611974633058,10.914228724030423,9.742942023885016,10.166841538852857,10.000440554718281,10.17681468243354,10.518378482480903,10.455099427714325,10.036745155001903,9.151647949090746,10.526904434858462,9.950135270980358,9.654950556937939,9.690749023023217,9.413218091564854,9.258950954383959,10.959750518106114,9.94980364457282,9.733088231810466,10.224673926150647,10.55676193800849,9.924093510197368,9.125929671444805,9.30587665527084,9.770375883516293,9.510517194992056,10.709814037087037,9.30685617957155,10.483910133614579,10.623573661548132,9.79955358807276,10.067835118827782,11.716674830095215,9.794947895634193,9.142805753344383,10.742981446388686,10.263658203337338,9.640108226913162,9.480016220208041,10.779663853294775,9.870124954887046,10.188281741447001,11.023086157743965,11.472164972136955
Cattle_40,8.16615274587703,14.422772679981954,11.569868219230553,11.066659235609443,11.812535264473182,9.301535088478468,10.358533244768708,10.739361704770795,9.982303395418493,10.65788483929533,9.614120075037533,9.074810517844812,9.101305725064458,10.094478415861285,9.90737394952265,10.405281398532388,10.110078174141213,10.157262717031799,10.536247144828128,10.093635050428334,9.958014070739896,8.991751529136636,10.151483884937997,9.900481157023039,10.393345629999763,10.088203541782317,9.851498393743546,9.957320606700005,10.350770221945949,8.497142993526401,9.811987034675084,10.574426765561508,10.159965621469444,10.009791320230779,9.51700934729107,11.048069613257926,9.933311155050596,9.673190996394286,9.315529971124858,11.000612909803564,10.438111430434505,10.762460983111705,9.74485597675278,9.434754611687065,9.249337258821127,9.379117853592126,10.003024340085354,9.644836966671614,10.054666808624509,9.77109683354902
Cattle_41,8.551577424741648,14.180747126858591,3.8431565159847247,8.812689875026832,1.7230738549554436,8.888688757725788,9.661157368719943,10.492702009199625,9.541893057733011,9.984914278029878,10.313534275960333,10.185078570570171,10.841158702322002,9.536406378674139,9.922699533814965,9.008178529390744,10.52722723256727,10.541733706783843,9.529610007856116,9.876984292235681,10.227324814825318,8.733684293172718,9.260992075995484,9.347731634120102,10.376928534397937,9.67713710495431,9.380593240288754,10.189104274851486,10.349050896551796,9.736043237544024,10.403963630691914,10.904640481301406,10.079949321006907,10.008258209464481,9.76047615234056,9.864974989486079,10.03147372322754,10.618618920497033,9.586675076200322,10.289353754428445,10.53925985206744,9.356749698172372,10.128788229073834,10.01382401914813,10.57595890688729,9.392438830468063,10.189966686864045,10.157415198354023,8.946744733807046,10.32097855119036
Cattle_42,7.514219294137442,3.268359708624274,13.844739601585172,18.13167789995599,10.643728487109357,9.222777895971673,9.936427570039374,9.441575639352202,9.553335586473633,10.00043101432354,8.957525617401073,9.981866495658199,9.739665316923759,10.367612551682454,10.388841548544061,9.920437064286256,10.11256966236844,10.334955924118974,9.45303779562988,10.648101083154248,10.933563253140406,10.07684718464134,10.056703815107907,8.867679599003928,10.424706157794269,10.352330483572402,9.789470138893128,10.044285797676086,10.016497420179906,9.911788975019034,9.236604657130192,10.00612932967371,10.052189437599127,9.86126047684722,10.323888729202935,9.297856079395554,10.926098057785506,10.649227379447055,9.346613329558629,10.361397208510532,10.04239780857913,10.499173763952383,9.309504150111863,10.405617720962523,10.402956457902151,9.546357770996492,9.758647729691361,9.963945704488417,10.286375636713883,9.860321044162868
Cattle_43,16.665049697134084,3.035043802535373,7.227141625675977,1.5423430303382502,14.56139082930259,10.190861344052827,9.718065597789954,10.77164620227921,10.219923864129726,9.57134071896228,10.76211514931442,9.416164295194498,10.502350497975229,9.704177166971812,9.432581275551083,10.265532546489194,10.555370094174565,9.37725424100445,10.133789704702318,9.743142407654831,10.716140868408642,9.063032779057044,9.512930808268012,9.157282057073846,9.2040715403523,10.100570815001154,10.40832580771004,10.137480538945507,10.168625523014969,9.920076669600936,10.414004697062131,10.549425409293146,9.660598207771002,10.233015226159422,9.773359849310424,10.047668818962528,10.291566380633306,8.819078696125349,9.267368957368605,9.078967064690863,9.737848402857033,9.445115500303055,10.539455398543453,11.052585687115801,9.572899816266682,10.286574469180634,9.553125984783259,10.135714386579673,9.68478691867344,10.176156408471678
Cattle_44,13.090174425556333,9.57200209169728,16.002442518636087,19.107708710570076,13.296734321103795,9.998333705877927,9.79192079326161,10.447039618995673,10.748416935081883,9.483298932054927,10.372684402470231,9.548672545243392,10.012190743120678,9.737048192581316,10.302714218581476,9.245774665283973,10.317851972900387,10.156523996134581,9.829996919226396,9.816285868871248,10.862870099607562,9.824490282089391,9.578804292523275,9.953529715663544,10.823610442551184,10.307783586783172,9.77603348781211,10.551654292852227,9.769830307266362,9.363761893951287,10.264510859412631,11.205266113532362,10.44701233390935,9.61750338875507,9.704176757557367,9.746724466523048,9.714475376301133,9.767165430911415,9.39643134746121,9.968932172001184,10.053563754406213,9.495470578697844,9.312295877400686,10.023960158210729,9.170731544687934,10.210587214488001,10.951679131375556,9.44567731738487,10.039080713885824,10.50631170671588
Cattle_45,6.1086407995251415,8.917909246108588,15.105114334333088,9.938502343992385,0.42251128141900907,9.859304250396807,10.431789904944129,10.678343378814946,9.860196909765099,10.45003127891287,9.140607664952986,10.980886683611233,8.347111753666127,9.66432425658339,10.161549194968623,10.70808700129933,10.637412069754358,10.353386485383561,10.068793892429564,9.968798457358895,9.788435834739092,10.385281519837289,9.820465078207464,10.323586266990631,10.530313444201921,9.638722805735105,9.960440972959027,9.89711464965165,9.102971232085906,9.185905744793418,9.651427908913421,9.352957366916183,9.544577900571504,10.29423850566792,10.346228206340399,10.264762484806608,9.43859012289585,9.72626478719834,9.806106311730755,10.563770018737607,9.357871744912078,10.211432577663865,10.052210484687869,10.906624341929634,9.4862008343746,9.364286906795968,9.701138779977967,9.847203996128146,9.439536963970573,9.871468586887502
Cattle_46,12.040498511178049,5.642815918630176,14.078543570210545,10.718544199998481,9.679295609615297,10.415830649424429,9.617269738961088,10.064194229655177,9.931961879650821,9.48752236561779,10.443824058413515,9.344689099649043,9.98264696236058,10.155901358483572,10.306994845689053,10.213804984448917,10.310058472961193,9.556918990751772,9.515213787154414,9.740213651171992,9.695933531384192,9.232128892754226,9.654368923099351,9.71173424621215,9.803409265481008,10.17364340588481,9.914403627294885,9.933716747185477,10.21938036294706,10.567524627722241,10.811940480621612,9.30341659273087,10.220612330617682,10.235590954084433,9.993788960506825,9.059925135191184,9.74539310848054,9.4911704666384,11.346837387459082,10.003015203499109,10.1876656113156,9.661307449843909,10.21510809936285,9.511348283335492,10.140260515167006,9.777581545938267,10.230272022692516,10.201309011659804,10.060165665627531,10.384831805899438
Cattle_47,6.048664490620416,-4.342758809570604,16.81420440940191,13.04461278323899,10.097493788271079,9.727977712076134,9.012574668283037,10.176173294216325,9.970809153277752,9.313441915071872,9.483619278835784,10.048636330558402,9.792522495391081,10.302151649267877,10.239096303285477,10.08291387565429,11.279552351450608,10.841229439557264,9.102772692467722,9.532615783253892,9.769191212667655,10.293343691098688,9.602064389185882,10.253064568138093,9.554117899692395,9.09297093707104,10.726647264892948,10.431730826117908,10.168450718585776,9.83631388154089,10.42800105418358,9.441382684191556,9.137639494755142,9.937697078154327,10.403305120239477,10.062641896847007,9.703718586958944,9.886419521628374,9.74068076984834,9.57396729711134,10.210358673310152,9.585916142329475,10.004740229279324,10.027141783919152,10.575351630762661,11.25116024245876,10.42445079444046,9.767865711770451,10.16577434905346,9.637291569801441
Cattle_48,9.45297043023396,3.257386118614906,12.723930777212646,6.8813745500073376,11.6910855731072,10.57298851291596,10.561582405773,9.993684976786543,9.799670885004451,9.39671212330517,10.00269741114867,9.89856878697241,10.652420990115397,10.000197068746138,9.933854986296522,9.614558670013606,10.078681120136348,10.388848441026555,10.83896516958077,9.75797277094134,9.806487670068439,9.32542215529834,10.608231229313974,10.30418637268085,10.395214374410504,9.609573360440743,9.619850466713425,10.553450173356907,10.585498774485519,10.051992088454911,9.687885099979397,10.421669021349299,10.377883318735595,10.740566915702553,10.125862978803307,10.007017950427846,10.002410148960239,10.056043621068058,9.70754785710863,10.70595455303635,11.039281659443217,9.179700939673076,10.211374770644529,9.27140214139789,10.078822235947717,10.11401008645153,10.26310032569403,10.524924013255166,10.524440144510015,10.828293887118555
Cattle_49,17.06071752933717,14.386024014623356,15.063076653225561,12.110065990387117,9.578513039257398,10.460298692337586,9.692059689129092,9.954258786385859,9.854130477879684,9.267269423806967,10.434578057043199,10.426506089546091,10.833658682711466,9.634410840497734,10.25233987528585,10.057032483763019,10.749147193304564,9.441245168577273,10.052979506095369,10.616051172259832,10.239701499258302,9.658316384932089,10.112111969711941,8.99861698774101,10.436397553731883,10.431799388612568,10.352770310681846,9.843884176944627,9.923953459836413,10.690229518852064,9.805099894513754,10.651704030621342,9.787581065365943,9.370002774905386,10.498974479064701,10.550902292304414,10.901946606883866,9.67528812529308,10.060075054941972,10.369778538208365,9.22776091383857,9.783875814526628,10.603624641140426,9.637475600599567,9.95142105323262,9.508071156419629,9.784973924244799,10.405725280837318,9.731509802507185,9.58459471039218
Cattle_50,12.562150502278673,10.859629142266245,15.697642938314802,10.052535165211786,8.554080048012635,9.95197710681183,10.625615574000975,10.311875509673516,9.825000665405652,9.673617560294497,9.93170476041197,10.685055416763166,10.500355273336455,9.752061819250224,10.324847575510164,9.63596651971039,11.248913736724022,10.06238424043551,10.148684701311701,9.452631353662037,9.693858961097176,10.257648462192947,10.136387028685622,9.456505369052085,10.439184372045467,11.250918090808645,10.725937210836328,9.667870329266684,10.751192509713292,11.211238170543798,8.914273646509557,10.157996196169542,9.8433519020381,9.370038516026197,10.085087103820642,9.77256030581959,10.239898063279021,8.963041695548446,9.980136237297067,9.362690313070685,10.111174798592007,9.451282637310545,9.706725069429034,10.577362336471815,10.466221606782241,10.159999959368822,9.991477589922976,9.366337666644569,10.235994186539362,9.49448973483285
Cattle_51,17.67776963741897,14.578589077461036,6.379410538599989,15.722606743209845,5.026352124186583,10.532514144755025,10.131402874733416,10.045111573762265,9.991868605006124,9.46177110083917,9.111130230859771,10.643314540348504,9.242379660615168,9.349329868489754,9.662336587375053,10.10747435184604,10.09483297445314,10.059652813605494,8.770690082120943,9.93154860482924,9.893691949601939,9.922793393746204,9.483642507952219,10.675975004893159,10.506974509356073,10.617872568409215,10.124729333826433,10.439860576598681,10.379326183527825,8.464739725642373,9.38239053794556,10.58847692532621,10.355471990711395,10.450789317019288,9.40722789484553,10.589778982021118,9.589826035151056,10.093286548706974,9.266889035801347,10.524041657539277,10.754582920467952,10.15381748393027,10.101424203688833,10.137634917634953,10.092874987877465,10.359927188848324,10.410998491978415,9.779863554821729,10.250588872087821,10.161743447310045
Cattle_52,6.340195299428753,2.438453304753039,9.256347262657297,8.146040963470801,12.920853950548102,10.397023238273274,9.851571133058354,10.472110119159424,9.803787484854638,10.665752093880053,10.23234742591666,10.186459208232407,9.621452267310065,10.327617093968373,10.132587248377424,9.58836741628713,10.603286310349537,9.325890468426039,9.910342422305762,9.669951934687408,9.430275790033914,10.712333678644825,10.184339143849103,9.963024013247562,10.26124484172258,10.703683088418407,9.63599742164411,10.202382429247114,9.869211747489555,9.940205504365133,10.681373980281593,9.946538519978683,9.736463864328227,10.053524582286519,9.887474515429258,10.227666278744653,8.955711357953192,10.255875717916398,10.575581022421133,9.873729942587829,9.579874267161898,10.111827519715282,10.038952754303121,9.688128806927537,10.417040342410852,9.951261569015502,10.6260955917645,10.084950657390458,10.6171021472536,9.976754801638373
Cattle_53,9.617952006872278,3.642861932162659,12.933453293627371,-4.311536062640437,11.466501627943584,9.863701137277161,10.545128400528059,9.626894426989038,10.64206800601276,10.677035920852784,9.874371294999515,9.817444797984043,10.261000201577168,9.725857010936416,10.31067220842283,10.614043527391877,10.562734648768584,10.450471883498105,10.366875531180698,10.609287581731245,9.583957080059978,9.41117921632273,9.943442107780108,10.039750814777088,10.377375485168917,9.524184646221105,9.774528537085457,10.102309245502065,9.547974567598024,9.359320147849035,9.71683373689531,9.991679735608667,9.517618978692411,9.19472127593069,10.565096943871403,9.28185936243651,9.270916097647875,9.55853895137013,9.908279053611718,9.97744146238018,9.12700900700635,10.638098642803886,10.451187269928663,10.916785224981034,10.5848995054421,10.128994963810051,10.114311097209601,8.622451163247998,9.686410504363607,10.413334663461143
Cattle_54,4.978314302327366,17.288026355467654,12.572790806065367,11.045367817338908,12.92583446422514,9.712801696398495,10.523269829969934,10.21719031429577,10.343763861474091,9.230381771256045,10.599663529115373,10.435603236944482,9.7825255053199,10.237050984546531,10.321657928312687,10.23389689389921,9.674278127709735,8.874818269231042,9.563092601550707,9.403470791943207,10.161629922436486,10.32794876298833,10.46734853019486,9.687355024107537,9.818616473396341,9.428647741282395,10.18169636794022,9.816533628421377,10.000920341792899,10.66751518335509,10.280162661595858,10.506541656621698,9.894258245902936,9.24033842070418,9.374511021960439,10.284732380216973,10.155798178057298,9.727658452801297,9.240513669537709,9.284814502886814,9.097902801253198,9.912307618237644,10.121189030162936,9.961096189603781,10.826361566091231,9.246139292872758,9.764404907985096,10.400035793689014,9.906083096462902,9.951645059263116
Cattle_55,8.614742262547944,12.246910617791752,10.576406841117604,14.114426564186767,15.572241550279669,10.66720953332883,9.650287771079363,9.735058610190869,10.179411080650222,9.790977083802302,9.957815278946905,9.014423850634554,9.877529545417808,10.12456376017856,9.969030003649126,10.208741674997205,10.1668960647689,10.766135488005636,9.858788348051007,10.609077410999939,9.173709364159311,10.223891271657138,9.627143946854227,9.619146774090495,10.75155054301287,9.688287687034808,10.092920526928006,10.258822590695225,9.63127147370402,8.684480846981296,9.841695331774616,9.08562986096157,10.562024457545684,11.226554350767392,9.339024163296344,9.388644315555041,10.445862310557553,9.48315603246272,10.321642177844614,9.189552002533675,9.183665797671171,9.785611917226046,9.769944709720187,10.180174155927903,10.122041368783226,9.518408520234079,10.404229374086903,9.883578923504631,9.631086739390422,9.687430000054125
Cattle_56,12.156179993205443,16.640080675073065,14.80139097023841,8.613344203166557,13.428646015503487,10.83072921451104,9.78740555896824,10.513685951516958,10.6504376576238,9.612765689522965,10.314758046474925,9.423198579340818,10.322748855493058,9.811792570105505,10.40016819263727,9.338942406743374,9.967997864007561,9.667229306235829,9.372858479803119,10.112916067146092,11.175962075898783,9.991441499552693,9.351031021945936,10.528308954313664,9.467641984855982,9.940703279637807,9.583916051513539,10.109791028425759,9.661748590553595,9.633767234874988,9.416629507614893,9.20696262504741,9.781731815888175,11.145837979665284,10.224074673230922,10.454341522869024,10.015960277506762,10.116320103175614,10.068319900338736,10.279338242010724,10.266130984641157,10.086456081211777,9.607512675467428,11.008932220515407,10.209257975577938,9.692711517787364,9.925775713609266,10.35675479890191,10.528595137541222,8.82482389768969
Cattle_57,2.8128539399708776,6.395328761211552,5.9492150787755795,4.65172605180319,10.603998562298578,10.5685719179372,8.724400641419725,10.011426862943727,9.87504122173727,10.253361472807123,9.630348536315344,10.352480399554402,10.196459054669441,10.028229150889956,10.005513297401656,10.433811720398328,9.606501813008148,10.009422549276543,10.890687261067683,9.389874505533466,9.614719490889387,9.806784688866141,9.248695129283893,9.44003594726331,10.680756037118746,9.78149421748001,9.550160407163695,10.82433417327777,9.65823908532972,10.187835690425407,9.656501379585226,10.677248836769845,10.21399639662686,10.151776174939464,9.64597876438119,9.264070733195101,10.923942782345494,10.939394356213445,10.198141087984565,9.875453794428248,9.71655070329879,9.940402830593143,9.057205117121251,9.497210530175803,9.3440866025195,9.973520890189034,10.195404783083898,10.18041173873653,9.833129189372332,9.890624213101214
Cattle_58,19.0710637095834,12.169649618791675,9.862891974246697,11.25796651046661,14.323357613076965,10.084778811936772,10.217804532098066,9.10645052287657,10.31807336266823,9.868377054805338,9.963429149520824,9.884804949386364,9.34084200412641,10.378447817077522,10.024627861873293,10.583939854066479,9.339664249907319,10.381328355020434,9.071341446681485,9.846220233988012,9.724743546605342,9.778787193145188,10.841426788422076,9.98238403544733,9.149198735969652,9.266898930693479,10.16352464735549,9.510723570946434,10.352456887503898,10.642743780377382,9.116095880058888,9.807313587782296,9.959490877990625,9.46341066349049,9.676236127081445,9.64342591532781,9.856969287320014,9.69420693217627,10.502132863468644,10.04056946020653,9.762902279923887,10.072170452157188,10.27988122765224,10.31608174217105,9.493041875768647,9.447829094345078,10.281521540354708,9.204303151571313,10.830948508465298,10.108268049727714
Cattle_59,10.007086029271015,7.6868378016022785,10.380068069179615,9.740544048860244,3.242873663345841,9.733125925395045,9.964770587963532,10.098268453413864,10.121836566155888,9.141390954968179,9.944039308690204,10.510798320437576,9.6519255566171,9.242926413073999,9.40543902787526,10.550518914095942,10.029820233555558,10.069658597574186,10.068421291242633,8.941458952631152,9.756708993221508,9.30843605625968,9.191555536684056,10.03272270340589,9.397306094440694,9.132488191567173,10.757060176395473,9.874366763907636,9.97567768416764,10.142231949389803,9.325278847074385,10.466466462209347,9.727614280653228,10.462944654531338,10.20110695170641,10.05223060093753,9.34434521346436,10.150468283080171,9.359360922485873,9.22918867005819,9.38354003425126,9.801674480445522,9.964990442505808,9.404048142729359,10.063351782866734,9.938598090771045,10.384164620237476,9.992640532461468,9.689466165094824,10.006594090791479
Cattle_60,6.16861492496198,17.0231223175771,4.432302272465744,3.6903109998202654,6.6910280443600225,10.224553652175164,8.676128038520718,8.8495956393127,10.075673749173253,10.32945558863499,9.38020164820795,10.057363213322619,9.657502794758578,10.660662727592209,9.647574109396952,9.682226404905322,10.470096861398805,9.696724366856001,11.035261111040402,9.967159428571417,11.267420113769262,9.052716662878895,9.904127505731486,11.321913743144531,10.358355976513447,9.687052881058701,9.66789748480939,9.349444446887139,8.850543050577734,10.458509879517525,9.940334356675647,10.364770890111128,10.32037532828339,9.713845137553651,10.20333532637307,9.70402751666886,10.944761156899142,10.7567305072897,8.643689603489037,9.448030257600266,10.235490415455013,10.687239887309351,9.683648090760446,9.480967636529822,9.776051098737184,9.594091117250082,9.777446038343792,10.882382994360169,10.617232563545661,10.247140415397366
Cattle_61,15.864265527952057,12.817968278148616,12.601657198546064,11.311178581622253,8.09431731033485,10.055020274434195,10.128318036797426,10.386594369235857,10.583603569174324,9.627071403871815,10.230180113560055,9.362732901364225,9.468424686856736,10.062129700252346,10.599791236268098,10.339356401031116,9.92424092239289,9.660126887280791,9.77271272785659,10.1216646694875,9.103391413964392,10.2280957080009,10.026978455377558,9.815200663958702,9.347749365937927,9.558458965720074,10.70706166165476,9.96839438039083,10.423666755525897,9.495051079645224,10.195826296158637,9.471265850426063,10.082249297008333,9.3259505316304,9.95331685543684,9.777449178281449,9.769354370523114,9.139308185726966,10.01236355198205,9.919152496126987,10.146851315830043,10.10888076743013,9.63007747213426,10.761029124439174,9.95492366786087,9.437874881958297,9.913987133944762,9.98567789031683,9.206681850825246,10.5602641662521
Cattle_62,2.746040642695118,9.24860434982901,6.801659139327318,12.177775288668354,12.510074119075226,10.021837773970471,9.743186892270332,10.602319943004607,10.11652175705196,10.281955055734931,9.844855312051473,10.36651825739928,10.075166602503135,10.145179446177215,10.121325989597132,10.543381450689825,10.513794501306641,9.84632801076156,9.900555820284778,10.389914363638756,10.67898118282403,10.393080833207282,10.101911492451862,10.462729237237845,9.145587089181276,9.600197087702817,10.39433056663816,9.847578329511364,10.015468274058643,10.210760051973825,9.898231867568065,9.93390036136616,9.465423877212858,10.028544188247487,10.227373085679286,10.03673316102359,10.600090480163294,9.59356613818141,9.232791460702419,9.998667792109995,11.059096444925265,9.34439591729872,9.747626217104736,10.047582452223754,10.008819773554105,9.988172884464138,9.729618878330013,9.474907655835066,10.500411067421625,9.579870437501462
Cattle_63,14.22697528632388,6.4962739070248015,10.588192839468988,12.956984086341874,1.5540248337483287,10.149334726688721,10.120474370345876,9.826593375204908,9.68153460061131,9.221666667463275,9.397853151865258,10.345817221654293,10.776893940307149,9.775197582623637,10.310081519912949,10.513081163814741,9.508121581356876,10.391359095006587,9.923476950029608,9.982093226364935,9.436637192627153,10.515926007047332,10.090088221164974,10.654244183228846,10.015285083488148,10.818325511516882,10.804540730189368,9.843475051488275,9.011557954241852,10.381972310809642,10.041565948810897,9.659821665583028,9.346781415159347,9.480146507147111,10.35040808536951,9.684255155027229,10.453218640169595,9.661671778616919,8.950290769076489,9.873921118042709,10.331528037231672,10.460612751551496,9.741476246126368,9.650253788108403,9.71476187489971,9.459737457788611,9.69806829142546,9.794857698740664,10.314298849066118,10.404807970504805
Cattle_64,9.709475912155531,8.874100244324525,12.680878257295745,13.954021690069315,-0.19552184214821633,9.467457363534985,10.07517731069045,10.24450500456223,9.396225493557866,9.744574801367751,9.610375135547125,9.735949761099999,11.277404221114308,10.274273160773404,9.952971723330764,9.379639313386164,10.270235392122085,9.735208614633239,10.14741972445974,10.456811000324672,9.821323730177763,10.31588616394628,10.070022316711912,10.07625924526712,10.065100886128839,9.949213491070127,10.011666947623356,10.327349030547078,8.781322040480905,10.084010164854277,9.777810527717728,9.301846673349367,10.303016298089423,9.443800288294488,10.09383871050904,11.099519338898876,9.576518770533196,9.284340253695532,10.563539772604802,9.631474380201698,10.754628275093086,9.693106491818902,10.31472180276437,10.172658168385444,9.878507339869929,9.384989499640968,10.455923754569815,10.43495539737326,9.871072361108913,9.073197749491499
Cattle_65,6.751927365090617,12.584300583333983,14.221626751965625,7.527142537018268,10.307251848653875,10.187900124795737,9.316626363119461,9.02843559985679,9.53975560836275,9.768939670138433,10.29566655833357,9.31835395255804,11.084390604758681,10.003116647077249,10.534293263766797,9.694275533452485,10.199395179114846,10.287396876245623,9.943786957593163,11.074494045988905,10.477105846675368,9.476251129061962,9.309699861089133,10.144870560710618,10.017138949580149,9.817365724088727,10.093048691298845,9.71103956810909,9.58478366521126,9.811358766893992,9.934019341634926,9.549265056232699,10.75132019670365,10.493406802729412,9.88678040136237,10.240302710518865,10.602474260880273,10.912929029797526,11.070523287143201,9.549018973693563,8.953429398896123,9.424658508309115,8.85146993374345,10.359053716919254,10.012429337041207,9.0540637364146,9.38177242743156,9.177939367378293,9.6500906765994,10.925856820688576
Cattle_66,21.337592905976074,11.949667878876117,15.863272769552943,4.988190733877053,1.305030687280594,9.473405441438967,9.484636707453012,10.724880034148695,10.682545849823994,10.289580023249504,10.199416231620708,9.280826514048924,10.700993681129454,10.05052539746538,10.187071015331378,9.714577222413014,9.94927556172099,10.463483713773003,9.788581456009299,9.324270050353942,9.50569394274778,9.279428163787554,9.65383671933104,9.626150456748817,10.465878537878499,10.034985300565996,9.962058391956592,9.709043126845627,9.769500480466125,10.293414920361135,10.313951486606074,10.20113449535157,10.14166524031517,9.97365165291494,10.518600526408603,10.040362007599382,10.701717252176765,10.556646846907077,10.448452387859756,9.747613167464614,10.565894915308574,10.373762265592935,10.552230047883688,10.386638938935924,10.023644059252337,10.382077895813177,10.586185974797552,9.249013507202736,10.28663911359063,10.180430867185278
Cattle_67,6.469912256334933,14.027282088060874,6.640653602990123,-2.7413916293882545,13.426214387895948,9.743545553222418,10.096860864409983,9.609860584604943,9.74291487082156,9.987629161253885,9.650948812085845,8.928470392327533,10.24951989118215,9.457581849213891,9.802873967358535,9.653931478471737,10.369409104557775,9.647931359627155,10.89593474585152,10.30301948640331,9.750669618050082,11.420655081751539,10.234141139075316,9.683835272064483,9.53378930017861,9.708350351048034,10.048750944478122,10.092980869692601,9.814236678703505,10.298208132731153,9.98471891544737,9.352829811861557,9.008609677903024,10.029071322153868,9.752111591785464,9.916366223037167,9.916832324355786,10.18358589289694,9.571333031677147,10.142315747472901,9.180390058214495,9.74575090024171,9.844706366788794,8.287137955652081,10.177031485435428,9.917343824424652,10.263758793961486,10.83003338937233,10.965173755427308,10.291994732651583
Cattle_68,13.399736334418778,15.055966487276914,11.538512406462441,9.467580840278146,5.861964886484966,10.3331109401001,10.111224166532851,9.696175691298022,10.214952785981247,10.037880169137802,9.58457400951037,10.315746619467244,10.166727980847453,10.348515657536922,9.111116092660962,9.56423017776846,9.582925612778197,10.450926323534643,9.801856117267302,10.378253878287014,9.480799514439079,10.192122112179668,9.960330419527029,9.098161825380128,10.79348102751328,10.129680243558475,10.15248746263745,10.519527661096227,10.065196097985815,10.385960950763238,10.333430776264763,10.241742375538102,9.854218231558805,9.41360801705567,8.926974208552359,9.981652752934577,10.156924336999285,10.51382247893636,10.133673672977682,9.614779054534583,10.044462020094743,9.941735558570462,10.171514680499708,9.431868486994636,9.74055998561942,10.819964913715623,9.855575250874864,9.939804951438099,9.676094354308743,9.267457993744635
Cattle_69,13.0372131625997,9.75673767658079,9.980395729737971,15.56136770271851,11.758855789663135,10.088610133020605,9.804390565429898,10.065340733629533,9.425218677003881,9.741202926268937,9.610352542112068,9.737667833508164,10.427683837011825,9.818016078274672,8.914978741136112,10.41946894473177,10.75592699291153,9.378391395420227,10.090086514264357,10.280683369993874,9.873605959287804,10.649435726067443,9.940726502346784,9.4097281610179,9.801716067066412,9.810770343416165,10.098718719692142,10.27712144949704,10.404504930357007,10.216856373174842,10.15636444395085,9.53099925424059,9.764838741032069,9.266559458616387,10.783832789331777,10.489676772280736,10.50195436520903,9.442314959218443,9.962156133637432,9.468299234498021,9.971780732325202,10.583239973449809,10.015134256847759,8.551078634720964,9.590660234404744,9.934421448542187,10.715884008224984,10.534839860639176,9.941207309022962,9.604127874261305
Cattle_70,3.1028518668892624,14.585194854531151,9.834999399101363,14.112583045342406,6.487395925519629,9.685332298473623,9.885547998047302,9.955970888532322,10.847818693605813,10.41385203655529,9.664172097563466,10.3729124194411,10.042502133267059,9.255045265567773,10.229594655266826,9.565794484374873,9.463934196908244,9.533246101333054,9.65885371556893,10.361117919553754,11.383145605676912,10.405469244466259,8.867741092794066,10.166141378088287,10.253656818955635,9.98280188969305,9.820763729915337,9.963907397201007,10.23384275478581,10.543716950907035,10.613594099226956,10.33137962104338,10.490622716788165,10.360641735308874,10.369815180529532,10.741293934380726,10.25055362018209,10.344363433996943,10.12019854085844,10.58200870249291,9.37187404464524,10.003331465630714,10.46125943675037,10.267320463720925,10.264657495722899,10.041149210470218,10.071059446999508,9.962746325822243,10.92641323521947,10.675755130152185
Cattle_71,10.759623200541103,19.946254567767934,14.990646040605345,10.26524533256367,12.602938341225979,9.79212437637336,10.083219315194947,9.934641031078852,10.260277225363252,10.370739628942953,10.262666624773063,9.345456440155495,9.41808506936148,10.518018682920703,10.101686283330553,10.159101172967748,10.721581225220907,9.539841460158328,10.659294651478133,10.210342466090818,10.34196066202461,10.107212162069482,8.982560935837169,9.9861079327446,9.845884995119224,9.845325170470382,10.523352864022927,10.0137222538462,9.668546489476203,9.963149501615653,9.964605537750488,9.975212045638596,9.846963988349447,9.658671247955658,10.287177028901853,9.552595371113984,9.656266616309646,10.468929172805694,10.323929908649847,10.079347196856247,10.045710878766416,10.149422591184543,10.600405866826678,9.727398362069616,10.785248367534466,10.327403025445621,10.291864762474617,9.81871725515034,10.356146936624285,9.589694568691371
Cattle_72,11.694911096978748,-0.15392126870091616,7.759625294072593,14.47689822289947,15.936319907016047,10.259662243717843,10.417318613626403,10.553006153164551,9.319593172531114,9.683729720866564,9.908492124379807,10.217860259957266,10.217219432741715,9.275975970232729,9.233262243966207,10.08548404180585,9.385396937656363,9.990446986245752,9.717926426340817,10.731481334621206,9.715535410934326,9.343628800114958,10.098287787771918,9.3257830723341,9.921817021209499,9.991111279247614,9.594977653950965,9.705514553044777,9.922525516027946,9.216489402422116,10.306839735369934,10.552155171720704,9.377389566944425,10.162680585522661,10.783625865222893,10.172433405646432,9.675283680655616,10.165684221265057,9.864535912551903,9.760157135985922,10.442580601218536,8.825515182592326,9.511620797329156,10.061510584650353,9.206670172160134,10.819064707810263,9.44466406063585,10.043686515071737,10.357497053246963,9.332737033880898
Cattle_73,12.235435716760787,7.262281597784118,17.420709943325598,6.042197260119895,5.2528974076038315,10.113464413366064,10.39458873777432,9.964019387421525,10.98599647764903,10.335293166250983,9.863649935786933,9.795378072415936,9.600806092929702,9.810307841883004,10.606895270462354,10.52535235128186,10.817432170124198,10.41364766576451,10.840860289192879,9.23553930103963,10.10031127657275,9.990546467785553,9.62676079332093,9.104446933896142,8.86727655214064,10.188301180228889,9.781736839764275,10.214530061906324,9.714350198683828,9.663346486078996,10.043642035783664,9.639597483689547,9.971755877889523,10.198636554391816,9.809589670092649,10.644696120157699,9.521790672199183,10.077702257936885,9.757390033436304,10.650356991926287,9.650289577485683,10.573743362656069,9.6613970817763,9.566381534940485,9.668463430798694,10.123312112184102,9.301004346173537,10.899818328696144,9.37787485049083,10.479602813191317
Cattle_74,12.905952702074043,15.067944591683428,13.410343519157983,15.654279897231847,-1.3199528280808681,10.653742407266295,9.628206217239589,10.750507449030708,10.07386095194191,9.895729376939027,10.01823451920935,9.498817455080358,10.159923631516147,10.377995192196407,10.675824235643043,9.662718117148392,9.245618307049192,9.262677899407539,9.799444530706923,10.389261284572468,9.547544128475124,9.777921919927975,10.27302466447639,10.243955972934819,10.768628911809374,9.929903847531003,9.171629476390885,8.875099926729979,8.946993312752358,9.774758191851843,10.32017238211501,9.863173391411573,10.547269665953843,10.000834036682459,10.115511078706891,9.614138361277627,10.345930381071446,9.574286688507097,9.322713176603926,9.642033763706655,9.603080572000103,10.102193145638958,10.362125199098552,9.837136968118225,9.023532834300656,9.886959425930254,9.582960565124802,10.244690516535137,10.064570131028718,10.618030302707629
Cattle_75,3.9788813953317668,16.323700667980706,16.301867091730674,12.377351878711636,13.600360358603833,10.090500447530934,10.126822119037223,9.24725459397432,9.494628477578456,9.978168291695356,9.77336368145602,8.68128263021737,10.078882381670526,10.910897934173342,10.110762569840887,10.52339191992388,10.07564166000343,10.783036789739816,10.09466544444083,9.83794567729295,9.575741163127608,8.991387273072903,9.750869876826341,10.228647707155952,10.274916886892946,9.8657333130982,10.828143692108446,9.327680202049397,9.929861610859039,9.942088126011194,10.0530810317808,10.157566981074613,10.861253914754915,10.310773842489587,9.71539255152117,9.592326748216578,10.519806230352511,10.803925718036426,10.439476311638005,9.814937144317476,9.839076363908152,9.880620487362627,10.03065240102203,9.20548765458273,10.23087011886065,10.027259577901189,9.998165347043786,10.326516023675262,9.7435953523659,10.104916858285463
Cattle_76,13.40649487783179,13.100683808878092,9.912959767428985,12.7285788498776,7.294450891578816,10.22788764179479,9.734204420138036,10.536085085547827,9.272731120215651,9.831310680716237,9.890466438087696,9.691680210821763,9.85616622425289,9.902807944206748,9.86219777909861,9.96761948277382,9.970196081438628,10.40732234645352,10.526496000954875,10.003586252012468,9.972933910217344,10.571187954094563,9.805664360360087,9.449724039626949,10.128528835086563,10.066828292264626,9.092781566782394,9.850035401651594,9.283589233060159,9.407508039534111,9.649030146516846,10.484938140600727,10.8288614507552,9.990579793877805,9.06476433558541,9.915720277393463,10.999030754275482,10.732239080567032,9.980386463340352,10.557819114940482,10.027616464753745,10.445365485805771,10.033353686814474,9.750911145010376,10.220713992463494,9.839442490811706,10.073370449944566,9.27848050973471,10.06100104353151,9.75864021703846
Cattle_77,3.02879759697656,8.903019614287405,12.089366514816987,4.671247456938339,13.987794440601073,10.222183391522615,9.766106665021779,9.689796455977502,10.193529166161348,10.308415819478384,10.020668360318355,10.038351541806122,9.719800216026176,9.659247521510054,9.223940261026467,10.482728803010584,9.87016813285539,9.656921682165374,9.460864921612798,10.323601416853538,9.725842559533318,9.404862963772072,10.352273557382475,10.051565559990296,10.149796326622026,9.71697341941161,10.155590614437012,10.010487543819533,9.723904453744078,10.449987234876666,9.788133742119586,9.648923641569786,9.590093181136572,9.890093676988394,9.707085207921049,9.5211675693023,10.65764409631054,9.619458944798719,9.091571269493054,9.442097643395494,10.020414535693014,9.95548989249562,8.942826861960873,9.35766795569918,10.431822276469132,10.187531563643521,10.38542973042202,10.399916056780587,10.085924853424205,10.65295668525368
Cattle_78,15.815519917199252,-4.962141737848396,16.110595383995932,10.411671303202505,10.789256914308899,10.400283770755227,9.301262401785303,10.627994300241467,10.432563983676589,10.053991312349812,10.912446114298621,9.885761701076179,10.118130178585195,10.013204241485584,10.50637232465088,9.966615797523902,10.124413936641629,9.666677223969929,9.360260894907615,9.787204618508223,10.228979125291952,10.362977900042779,10.706706880480393,10.533835181309838,9.94390319690683,9.922998112161261,9.164181097926644,10.013079740034476,9.931957000113233,9.59511529074203,9.426596948718714,10.480174188591118,9.268156312886475,9.973921746086535,11.114788077687743,10.157632724159372,10.063650242700719,9.819698835769666,9.816496183649125,10.485492124699684,10.105958832683225,9.015316834831825,10.537948536888987,9.620867513812104,10.425843647765555,9.549623467853975,10.306940716635289,10.44056317285426,10.087722539577086,10.06822523696443
Cattle_79,7.442885861547952,18.83916457288325,7.444574805045862,18.71378299563199,2.1245236946545942,9.780729610348544,9.746972331117272,9.902894752243208,9.792366242458408,9.701790396833239,10.59472807512805,10.147703701397665,9.690399036255696,10.260208136716338,9.899337508746093,9.704303474376054,10.700470503977865,9.708951737565773,10.039251660984684,9.528907158159498,9.488160122086505,10.34330110211021,9.594377875902937,10.248944249051313,10.132499677081832,10.315995510531046,8.692340212171349,10.588243318236154,10.21842180154357,9.70869751594452,10.28678720414591,10.76904840420115,10.586698139366128,10.007944998781964,10.131874099900205,10.36357645944446,9.726107331460298,9.831521910890967,10.083976863294229,10.155162462450393,10.196634449887666,10.533546244303338,10.310647442365395,9.753626864899669,10.276815598055167,10.259981619909373,9.968357777429532,11.53612225268836,10.20166820326294,9.005417676187147
Cattle_80,10.889403773815848,5.727384450735426,9.75128352026716,4.911875125494845,8.758545429076632,9.98600845053283,10.25922922517373,10.311868042230522,10.49943819394012,9.972285564004983,9.697051210472797,9.952454126716813,9.5904696838877,10.34584777763413,10.917779480447159,9.797531751714521,10.69577925405709,10.46687908457898,9.910891639871176,10.18919224181253,10.46047891623008,8.459182566599683,10.40039336836977,9.703046532181432,10.7519071081983,10.15567777562284,9.672627939572385,10.131753497990971,9.831276470787728,10.104431901038994,9.76073915527145,11.096205364373441,10.336985619708338,10.326611757302274,10.342716925712166,10.010155948960428,10.345984317905922,10.867955427689004,9.840414841454361,10.597839124137215,9.17346008617894,10.074630566661476,9.604127492499668,9.966361259601014,10.121065219101855,10.417700193038375,9.747342319149846,9.835057826967406,9.889979223373643,9.820095723451503
